Sample,Observation,A,Ci,Tleaf,Qin,Patm
DFA_B2_P15_9709,0+1,23.79891102,256.3173594,30.08758354,1498.869507,100.913269
DFA_B2_P15_9709,0+2,16.27068839,226.9637647,27.86479568,1499.012207,100.9187698
DFA_B2_P15_9709,0+3,11.22342617,145.7042353,28.09777641,1499.707153,100.9236069
DFA_B2_P15_9709,0+4,2.378112655,88.97467446,27.03807449,1499.411255,100.9261703
DFA_B2_P15_9709,0+5,1.195348738,77.30700081,28.62974358,1499.629517,100.9309464
DFA_B2_P15_9709,0+6,21.6490169,281.8484184,28.17521858,1499.307739,100.9333191
DFA_B2_P15_9709,0+7,22.16381353,275.1119093,28.25977516,1498.93689,100.9316864
DFA_B2_P15_9709,0+8,31.54382307,413.6346006,28.64776421,1498.96936,100.9364014
DFA_B2_P15_9709,0+9,36.52454901,600.8824175,28.06053543,1499.801636,100.9389114
DFA_B2_P16_S7C8,0+10,26.71744346,284.502727,30.54340744,1499.062988,100.9423904
DFA_B2_P16_S7C8,0+11,19.13356266,220.6120614,30.19871712,1499.223022,100.9449692
DFA_B2_P16_S7C8,0+12,13.65412278,153.6019789,28.78949928,1499.685547,100.9454651
DFA_B2_P16_S7C8,0+13,2.714528551,90.15255132,27.85970497,1500.273804,100.9450226
DFA_B2_P16_S7C8,0+14,1.762501996,79.26718231,28.14197922,1500.285278,100.9414368
DFA_B2_P16_S7C8,0+15,24.34576446,318.1720178,28.34102821,1500.644531,100.9386292
DFA_B2_P16_S7C8,0+16,24.84689843,313.7923045,28.68570328,1500.034058,100.9388275
DFA_B2_P16_S7C8,0+17,31.17016343,495.0933879,28.46979523,1500.018921,100.9395142
DFA_B2_P16_S7C8,0+18,33.38195368,676.1617379,29.03835487,1499.341187,100.9373932
DFA_B2_P17_110412,0+19,24.1637729,271.508055,30.1186924,1499.041504,100.942131
DFA_B2_P17_110412,0+20,17.60427016,206.3424641,30.20498848,1499.897339,100.9439087
DFA_B2_P17_110412,0+21,13.12337339,145.1741284,28.74256516,1499.372803,100.9430923
DFA_B2_P17_110412,0+22,2.668885421,88.14020783,27.96089363,1499.579468,100.9454117
DFA_B2_P17_110412,0+23,1.56612345,77.68761176,28.19638062,1499.45874,100.9466324
DFA_B2_P17_110412,0+24,21.52974261,305.6242112,28.96082115,1499.21582,100.9518433
DFA_B2_P17_110412,0+25,24.17525326,300.2858533,28.64774513,1499.002319,100.9515305
DFA_B2_P17_110412,0+26,30.04563584,452.2595594,29.78356171,1499.075684,100.955986
DFA_B2_P17_110412,0+27,33.29675547,664.9872807,28.24432945,1498.738403,100.9579544
DFA_B2_P20_8717,0+28,26.85790364,311.6006599,29.77288628,1498.833618,100.9539566
DFA_B2_P20_8717,0+29,18.59306093,241.7085409,29.4409771,1499.956299,100.9521866
DFA_B2_P20_8717,0+30,13.29313788,163.5226976,28.97738266,1499.742432,100.9543839
DFA_B2_P20_8717,0+31,3.379933086,90.13584111,29.14229202,1499.831055,100.9547577
DFA_B2_P20_8717,0+32,1.859217054,78.02972819,29.99962044,1499.107056,100.9556808
DFA_B2_P20_8717,0+33,23.28015675,320.5310743,30.00046539,1499.070557,100.9538269
DFA_B2_P20_8717,0+34,25.9739474,313.6209636,30.00889397,1498.954956,100.9505692
DFA_B2_P20_8717,0+35,31.8855798,489.9246676,30.00767899,1498.6604,100.9508667
DFA_B2_P20_8717,0+36,35.34318049,673.9259538,30.0108223,1499.514526,100.9533539
DFA_B2_P21_7903,0+37,26.31909716,305.7071791,29.94647598,1500.472778,100.9514923
DFA_B2_P21_7903,0+38,21.77567788,243.0789276,28.39200592,1499.291748,100.949707
DFA_B2_P21_7903,0+39,11.33888979,168.8527793,28.56352997,1498.63916,100.9464493
DFA_B2_P21_7903,0+40,2.703267286,93.3632773,28.57003212,1500.422119,100.9440308
DFA_B2_P21_7903,0+41,1.333089953,79.71269577,29.23600006,1499.313965,100.9471664
DFA_B2_P21_7903,0+42,24.04041644,332.884797,29.08372307,1499.014526,100.9472122
DFA_B2_P21_7903,0+43,24.73473008,327.7896466,29.34646797,1499.671265,100.9472275
DFA_B2_P21_7903,0+44,34.47118918,505.3690499,29.23227501,1499.901001,100.9447403
DFA_B2_P21_7903,0+45,37.42590112,693.8268051,29.57935905,1499.197754,100.9411469
DFA_B2_P22_9671,0+46,23.89268596,321.7321866,30.51707458,1499.049927,100.9376907
DFA_B2_P22_9671,0+47,16.14501079,261.4661299,28.64317703,1499.937256,100.9389267
DFA_B2_P22_9671,0+48,12.54968102,172.7881332,28.57743073,1500.696289,100.9436569
DFA_B2_P22_9671,0+49,0.732457638,96.30423135,28.67726898,1501.205566,100.9473648
DFA_B2_P22_9671,0+50,0.155567552,81.29979355,30.0147953,1501.157349,100.9487762
DFA_B2_P22_9671,0+51,23.59873627,324.1220427,30.00902748,1500.535522,100.9467926
DFA_B2_P22_9671,0+52,24.31359216,320.8398666,30.00848007,1500.862671,100.9475861
DFA_B2_P22_9671,0+53,33.38297719,488.3519846,30.01074028,1500.638916,100.950264
DFA_B2_P22_9671,0+54,38.11627638,667.1635697,30.01628876,1500.471802,100.956398
DFA_B1_P4_9709,0+55,27.04677169,318.9482708,29.11918259,1498.665894,100.9505005
DFA_B1_P4_9709,0+56,23.97862472,216.5867726,30.05844116,1500.233765,100.9501648
DFA_B1_P4_9709,0+57,11.59081197,164.9934757,28.89853096,1500.261108,100.9495697
DFA_B1_P4_9709,0+58,2.921059203,91.08110632,28.60055161,1499.779175,100.9517365
DFA_B1_P4_9709,0+59,1.684522868,78.91182154,28.81217575,1499.899414,100.9525528
DFA_B1_P4_9709,0+60,25.75988677,320.9959132,29.00559616,1499.50354,100.9528656
DFA_B1_P4_9709,0+61,26.57990823,320.2638795,28.91074371,1499.062622,100.949707
DFA_B1_P4_9709,0+62,35.05983645,499.1018029,28.59892273,1499.740479,100.9500656
DFA_B1_P4_9709,0+63,39.39076006,680.752799,28.67663193,1500.296509,100.9496918
DFA_B1_P6_8717,0+64,27.54739225,311.7627487,29.34126472,1498.644409,100.9636078
DFA_B1_P6_8717,0+65,18.86210461,232.9546559,29.86200714,1499.725586,100.9647446
DFA_B1_P6_8717,0+66,13.28617853,160.6372748,28.56441498,1499.205322,100.9649124
DFA_B1_P6_8717,0+67,3.353048954,86.19149322,30.23329735,1499.444092,100.9647217
DFA_B1_P6_8717,0+68,1.865980491,78.94285265,28.48544884,1499.133423,100.9610214
DFA_B1_P6_8717,0+69,25.52526198,323.8613005,28.56746483,1499.455566,100.9587479
DFA_B1_P6_8717,0+70,26.71330271,316.7462364,28.91202354,1498.967041,100.9553833
DFA_B1_P6_8717,0+71,34.52564217,474.9063336,29.84837151,1499.7677,100.9508972
DFA_B1_P6_8717,0+72,36.8045984,687.7581335,28.48358536,1499.401367,100.9444275
DFA_B1_P7_9671,0+73,21.89897971,324.414402,30.13922119,1498.962036,100.9427719
DFA_B1_P7_9671,0+74,18.75532169,249.2842282,28.7361927,1499.230713,100.9366302
DFA_B1_P7_9671,0+75,9.110943222,174.0814403,28.64686584,1499.344482,100.9327621
DFA_B1_P7_9671,0+76,1.321822254,95.15973899,28.73191261,1500.536377,100.9315338
DFA_B1_P7_9671,0+77,-0.05374113,84.21543697,28.95272827,1499.984131,100.9313126
DFA_B1_P7_9671,0+78,23.12924091,320.6679931,30.01334,1500.345581,100.9293976
DFA_B1_P7_9671,0+79,23.40847438,320.0269607,30.01319885,1500.102295,100.9298935
DFA_B1_P7_9671,0+80,32.75347254,487.7150564,30.00390816,1500.416748,100.9309998
DFA_B1_P7_9671,0+81,36.52775281,669.979653,30.00944519,1500.024414,100.9297714
DFA_B1_P8_110412,0+82,23.56268007,317.672372,31.32041168,1498.718872,100.9303513
DFA_B1_P8_110412,0+83,20.3088606,252.152406,28.98223495,1499.879517,100.9258652
DFA_B1_P8_110412,0+84,9.847926029,175.3819632,28.96002769,1499.587524,100.9274902
DFA_B1_P8_110412,0+85,1.450175064,94.35424521,28.97500229,1499.388062,100.9306793
DFA_B1_P8_110412,0+86,-0.10680648,84.00403842,29.23783302,1498.653687,100.9308472
DFA_B1_P8_110412,0+87,23.77457443,338.1063833,29.40574455,1498.87146,100.9287643
DFA_B1_P8_110412,0+88,24.54720834,336.5608663,29.30631828,1499.75293,100.9252167
DFA_B1_P8_110412,0+89,35.24047275,496.5740451,29.91603851,1500.875244,100.9221191
DFA_B1_P8_110412,0+90,40.13776748,698.6239781,28.81102943,1501.141113,100.9212036
DFA_B1_P9_7903,0+91,23.23866232,338.1326376,29.39124298,1500.711304,100.9077148
DFA_B1_P9_7903,0+92,16.62750304,252.4072897,29.53623009,1501.065186,100.9068909
DFA_B1_P9_7903,0+93,11.2775213,166.4271441,30.00722885,1499.353394,100.9073792
DFA_B1_P9_7903,0+94,1.44618079,93.46204954,29.9997673,1499.611572,100.9033127
DFA_B1_P9_7903,0+95,0.379402004,84.71026988,30.01269341,1498.759033,100.8908157
DFA_B1_P9_7903,0+96,22.6283628,333.0982532,29.99554062,1499.736206,100.8856659
DFA_B1_P9_7903,0+97,23.95431071,330.5869145,29.99685287,1499.053345,100.8810501
DFA_B1_P9_7903,0+98,32.18780266,502.0849678,29.9972229,1499.305664,100.8801651
DFA_B1_P9_7903,0+99,37.82235044,681.6924834,29.99665642,1499.170654,100.8798523
DFA_B1_P12_S7C8,0+100,23.44251696,318.8168877,29.99456596,1499.937256,100.8726425
DFA_B1_P12_S7C8,0+101,18.75290676,236.8501115,29.64867592,1499.231689,100.8718719
DFA_B1_P12_S7C8,0+102,8.343615117,170.3596195,29.6496563,1499.463257,100.8696365
DFA_B1_P12_S7C8,0+103,1.254053187,93.26224372,29.78145027,1498.629517,100.8676453
DFA_B1_P12_S7C8,0+104,1.303070338,82.1706212,29.34672546,1501.400635,100.8675156
DFA_B1_P12_S7C8,0+105,20.6826353,330.7104855,29.56284332,1499.397583,100.863739
DFA_B1_P12_S7C8,0+106,20.95625446,328.241527,29.63251305,1501.18457,100.8637314
DFA_B1_P12_S7C8,0+107,29.50300438,486.981877,30.28474998,1499.852539,100.8581314
DFA_B1_P12_S7C8,0+108,34.05363729,685.2905665,29.49165535,1500.211304,100.8583298
DFA_B1_P16_S7C8,0+109,30.43977605,322.1362275,30.66207123,1499.376465,100.8430862
DFA_B1_P16_S7C8,0+110,24.19540682,250.211539,29.46874428,1499.999146,100.8414764
DFA_B1_P16_S7C8,0+111,13.30634903,178.9933146,29.55759621,1499.260742,100.8410645
DFA_B1_P16_S7C8,0+112,3.338071337,91.89841376,29.80908585,1500.119995,100.8375778
DFA_B1_P16_S7C8,0+113,2.919340582,85.09705649,30.01441956,1500.088013,100.8308182
DFA_B1_P16_S7C8,0+114,28.36597026,340.8269842,30.14221191,1499.590454,100.8261261
DFA_B1_P16_S7C8,0+115,30.08937583,346.7383901,29.60390282,1498.883301,100.8281174
DFA_B1_P16_S7C8,0+116,34.4638935,520.0771754,29.23795891,1499.122437,100.8265076
DFA_B1_P16_S7C8,0+117,38.24003625,707.6124105,29.4299984,1499.056274,100.8267517
DFA_B1_P17_9709,0+118,23.70946681,321.2422363,30.38474464,1498.794556,100.8087463
DFA_B1_P17_9709,0+119,20.24595242,238.8992922,29.62631226,1499.559204,100.8044281
DFA_B1_P17_9709,0+120,9.298101569,169.2088815,29.95664406,1498.907349,100.8047943
DFA_B1_P17_9709,0+121,1.488924371,93.32949959,29.42167664,1500.551025,100.8027954
DFA_B1_P17_9709,0+122,0.092743074,84.47799421,29.51160049,1499.417847,100.8017731
DFA_B1_P17_9709,0+123,22.81459968,320.2358757,30.03550911,1499.770264,100.797821
DFA_B1_P17_9709,0+124,23.17988992,316.7595433,30.03995323,1500.421021,100.7924423
DFA_B1_P17_9709,0+125,32.56687693,479.6354818,30.04073334,1501.378784,100.7847595
DFA_B1_P17_9709,0+126,37.03249386,652.2134259,30.04593849,1500.603271,100.7819748
DFA_B1_P19_8717,0+127,28.30699207,311.2365618,30.55352211,1499.866333,100.7737732
DFA_B1_P19_8717,0+128,19.8627608,237.7247434,30.68281937,1499.333496,100.7701797
DFA_B1_P19_8717,0+129,13.63174504,161.2741779,30.08126259,1499.412598,100.7676849
DFA_B1_P19_8717,0+130,3.078240503,89.9481931,29.96695137,1499.729126,100.7680588
DFA_B1_P19_8717,0+131,1.882177877,81.04981403,30.02577209,1499.445313,100.7593765
DFA_B1_P19_8717,0+132,25.65594823,321.053654,30.03388214,1500.432373,100.7555389
DFA_B1_P19_8717,0+133,26.49318214,321.5397249,30.03536415,1500.221313,100.7533569
DFA_B1_P19_8717,0+134,34.61777799,493.8551534,30.03280067,1499.266113,100.7526321
DFA_B1_P19_8717,0+135,38.37283172,680.4035895,30.02566147,1499.638672,100.7502365
DFA_B1_P15_110412,0+136,22.3512692,334.2050485,30.81310844,1499.818237,100.7395554
DFA_B1_P15_110412,0+137,15.44590674,258.8414026,29.66978645,1500.980103,100.7349701
DFA_B1_P15_110412,0+138,11.29992928,168.6180183,30.13736916,1501.052856,100.7372513
DFA_B1_P15_110412,0+139,0.683893059,95.63243197,29.51991463,1500.449219,100.7371979
DFA_B1_P15_110412,0+140,-0.331382404,87.71048768,29.68433189,1500.363159,100.7337189
DFA_B1_P15_110412,0+141,22.1182235,330.9742752,29.93552971,1500.291382,100.7295074
DFA_B1_P15_110412,0+142,22.92507651,327.8794018,29.99634933,1499.757813,100.7207565
DFA_B1_P15_110412,0+143,30.01482951,502.8231154,30.03298187,1499.830688,100.7179337
DFA_B1_P15_110412,0+144,34.14382959,682.0094245,30.06186104,1499.960449,100.7155762
DFA_B1_P20_9671,0+145,24.66977179,319.9458009,30.06372833,1499.61853,100.7188034
DFA_B1_P20_9671,0+146,16.41130743,241.0177509,30.60715675,1499.904053,100.7164688
DFA_B1_P20_9671,0+147,10.75022017,163.1858131,30.18380547,1499.88147,100.7144089
DFA_B1_P20_9671,0+148,0.709175247,95.47277882,29.65933228,1500.037842,100.7121964
DFA_B1_P20_9671,0+149,0.263770904,87.25671455,29.73706627,1498.856079,100.7107315
DFA_B1_P20_9671,0+150,22.70270053,323.5732219,29.7197094,1499.299805,100.7153931
DFA_B1_P20_9671,0+151,22.62815227,322.6165506,29.71535683,1499.704834,100.7149734
DFA_B1_P20_9671,0+152,32.74034922,486.1733119,29.67072868,1499.537964,100.7197723
DFA_B1_P20_9671,0+153,36.99656267,662.512113,29.78165817,1500.202515,100.7266388
DFA_B1_P23_7903,0+154,23.21298548,303.455907,30.08499146,1500.684326,100.7245255
DFA_B1_P23_7903,0+155,15.46441878,233.4340223,30.06872749,1500.367554,100.7199326
DFA_B1_P23_7903,0+156,10.89924123,155.0706396,30.06245613,1499.127441,100.713501
DFA_B1_P23_7903,0+157,1.835840359,90.50643405,30.05586624,1499.44458,100.7079391
DFA_B1_P23_7903,0+158,1.1487856,84.05865268,30.03894234,1498.706787,100.7070084
DFA_B1_P23_7903,0+159,21.75957387,312.938499,30.03362274,1499.912476,100.7089233
DFA_B1_P23_7903,0+160,22.29479738,309.3292379,30.04178619,1499.62915,100.715004
DFA_B1_P23_7903,0+161,29.87587472,473.7357325,30.04663277,1500.126587,100.7135925
DFA_B1_P23_7903,0+162,33.88828164,651.694559,30.04182625,1500.097656,100.7064362
DFA_B3_P1_8717,0+163,17.27303017,310.8766314,29.91042709,1500.463745,100.7310944
DFA_B3_P1_8717,0+164,11.84397392,251.4085586,28.19589615,1499.386963,100.7351685
DFA_B3_P1_8717,0+165,9.47415194,159.4864302,28.63856888,1499.500122,100.7419357
DFA_B3_P1_8717,0+166,1.399178558,92.08784563,27.82256508,1499.503784,100.7488785
DFA_B3_P1_8717,0+167,0.679841738,81.83986377,29.0944252,1499.148071,100.7551651
DFA_B3_P1_8717,0+168,15.45581679,328.8177089,27.82060051,1499.904663,100.7625046
DFA_B3_P1_8717,0+169,16.74113807,321.906773,27.8837204,1499.26062,100.7689667
DFA_B3_P1_8717,0+170,23.12574463,481.3927938,27.81672668,1499.396606,100.7745438
DFA_B3_P1_8717,0+171,26.84231351,596.3453379,30.37660027,1499.089111,100.7804489
DFA_B3_P4_7903,0+172,23.23392665,313.5731926,28.28627777,1499.419189,100.7887039
DFA_B3_P4_7903,0+173,20.73216277,227.62419,27.97092628,1500.112915,100.7917633
DFA_B3_P4_7903,0+174,10.55782824,161.5981297,27.95659447,1500.792236,100.7975235
DFA_B3_P4_7903,0+175,4.001003547,86.69470184,28.13844299,1500.308716,100.8037033
DFA_B3_P4_7903,0+176,2.008349934,76.54588085,28.5365963,1499.282837,100.8102722
DFA_B3_P4_7903,0+177,21.60403818,324.4145241,28.41251564,1498.944702,100.8119659
DFA_B3_P4_7903,0+178,23.79719094,312.1923946,29.15604973,1499.969482,100.8153763
DFA_B3_P4_7903,0+179,30.10236541,470.2262734,30.06787109,1500.278198,100.8193665
DFA_B3_P4_7903,0+180,31.07879698,692.4853923,28.01000595,1500.772339,100.8264618
DFA_B3_P5_9671,0+181,16.58981326,330.3570513,29.71035194,1498.801147,100.8318024
DFA_B3_P5_9671,0+182,15.57643613,245.8492893,28.38932991,1498.714722,100.8302841
DFA_B3_P5_9671,0+183,7.546397335,172.2027818,28.23693848,1499.445435,100.8363266
DFA_B3_P5_9671,0+184,1.179715863,93.85769252,29.04465866,1498.564331,100.8420105
DFA_B3_P5_9671,0+185,-0.168069685,82.46418214,29.83655548,1499.228149,100.8465118
DFA_B3_P5_9671,0+186,18.11230077,328.9725809,28.67110634,1500.014404,100.8461761
DFA_B3_P5_9671,0+187,18.51998044,324.9333013,28.52369881,1500.215698,100.8389282
DFA_B3_P5_9671,0+188,26.58986885,469.7392684,29.9953537,1499.793091,100.8317566
DFA_B3_P5_9671,0+189,31.76889007,645.1890449,30.00522614,1498.791626,100.8306122
DFA_B3_P8_110412,0+190,27.53471853,317.1516754,29.17680359,1499.38269,100.8438873
DFA_B3_P8_110412,0+191,19.08099606,226.2975446,30.55862808,1498.967041,100.8432617
DFA_B3_P8_110412,0+192,12.58209554,167.7635979,28.32952309,1499.025513,100.8457336
DFA_B3_P8_110412,0+193,2.872016794,92.66846892,28.35357285,1501.177612,100.8473206
DFA_B3_P8_110412,0+194,1.718688759,78.28857293,28.39834595,1500.835327,100.8459015
DFA_B3_P8_110412,0+195,23.89739412,332.9929799,28.61569595,1500.297485,100.8458786
DFA_B3_P8_110412,0+196,25.73606641,326.3385685,28.86954117,1500.119507,100.8469696
DFA_B3_P8_110412,0+197,31.1964971,505.1134873,28.7740593,1501.095703,100.8467789
DFA_B3_P8_110412,0+198,33.56613241,694.1537558,29.02293015,1500.282593,100.8442841
DFA_B3_P9_S7C8,0+199,23.62930638,316.8547761,29.18276787,1499.588379,100.8402252
DFA_B3_P9_S7C8,0+200,15.71344445,221.5957325,30.89548683,1498.821045,100.8426437
DFA_B3_P9_S7C8,0+201,11.83243387,162.254563,28.38180161,1500.476196,100.8443527
DFA_B3_P9_S7C8,0+202,2.49516508,89.97006981,28.87623596,1501.21936,100.8455582
DFA_B3_P9_S7C8,0+203,1.203308653,75.93672141,29.41247368,1500.341675,100.8472214
DFA_B3_P9_S7C8,0+204,21.17214327,319.95235,28.5720768,1499.858398,100.8503036
DFA_B3_P9_S7C8,0+205,21.35572606,295.7145089,29.79426765,1499.73877,100.8529663
DFA_B3_P9_S7C8,0+206,28.82072682,468.9670283,28.83861732,1500.4823,100.8540115
DFA_B3_P9_S7C8,0+207,31.40220449,637.6595559,29.39909935,1499.952881,100.8546524
DFA_B3_P11_9709,0+208,25.06972369,311.8263391,30.12213898,1498.728882,100.8433075
DFA_B3_P11_9709,0+209,21.44030517,225.3267732,30.17317581,1499.869385,100.8448868
DFA_B3_P11_9709,0+210,10.13075216,171.4514613,28.75214195,1499.676147,100.8445969
DFA_B3_P11_9709,0+211,2.020672625,93.11959338,27.64067268,1500.225586,100.8454437
DFA_B3_P11_9709,0+212,0.93756846,78.65714496,30.0063324,1499.987671,100.8400269
DFA_B3_P11_9709,0+213,24.02167748,335.0620656,28.96869469,1499.079834,100.8395844
DFA_B3_P11_9709,0+214,25.12570651,335.8615966,28.6688385,1500.57251,100.8428497
DFA_B3_P11_9709,0+215,33.0265032,506.3757428,29.01894951,1500.784302,100.8451157
DFA_B3_P11_9709,0+216,37.93986463,681.0378655,29.54489517,1500.475098,100.8510284
DFA_B3_P13_9671,0+217,23.89860051,298.6820421,30.06864548,1498.942139,100.852272
DFA_B3_P13_9671,0+218,20.1810054,220.0450756,29.56934547,1499.544189,100.8519821
DFA_B3_P13_9671,0+219,9.177086181,164.2868508,29.08603668,1500.566772,100.8510437
DFA_B3_P13_9671,0+220,2.645516371,89.87319767,28.71800232,1500.034668,100.8540192
DFA_B3_P13_9671,0+221,0.390190425,79.11825745,30.00821877,1499.112427,100.8557968
DFA_B3_P13_9671,0+222,22.23614678,300.6165153,30.00834846,1500.312744,100.8613281
DFA_B3_P13_9671,0+223,22.43433463,296.2754319,30.01335907,1500.028198,100.8634109
DFA_B3_P13_9671,0+224,30.84629267,448.4080879,30.00863266,1500.053223,100.8648758
DFA_B3_P13_9671,0+225,34.36848715,611.8300548,30.01230049,1500.744019,100.8684692
DFA_B3_P16_9709,0+226,22.65465934,320.2880054,30.11493301,1499.481689,100.8723907
DFA_B3_P16_9709,0+227,14.76558966,259.8618442,28.50601387,1499.888184,100.8727798
DFA_B3_P16_9709,0+228,9.223511796,175.04624,28.39130211,1499.352539,100.8735428
DFA_B3_P16_9709,0+229,-0.761837621,101.493688,29.90557098,1499.287598,100.8730164
DFA_B3_P16_9709,0+230,-2.563544696,88.52589004,28.86372375,1499.573975,100.8774872
DFA_B3_P16_9709,0+231,21.99006438,337.9261012,28.23813438,1499.751709,100.8835144
DFA_B3_P16_9709,0+232,22.7922446,322.8567813,29.77786827,1499.66748,100.883461
DFA_B3_P16_9709,0+233,33.31819969,514.2929048,28.10757637,1499.542603,100.8844528
DFA_B3_P16_9709,0+234,40.23435579,688.4336546,28.35515213,1499.166626,100.888504
DFA_B3_P17_8717,0+235,25.07345085,315.964529,29.34154892,1500.339478,100.8936539
DFA_B3_P17_8717,0+236,23.28099624,230.077299,29.04262924,1500.169434,100.8984985
DFA_B3_P17_8717,0+237,12.33731575,165.1983509,28.26593971,1500.937988,100.9003754
DFA_B3_P17_8717,0+238,3.644070698,89.14883992,28.4973774,1499.527344,100.9005814
DFA_B3_P17_8717,0+239,2.206895907,74.48304869,29.9835434,1498.948975,100.9009628
DFA_B3_P17_8717,0+240,26.92226091,302.173378,29.9837532,1499.045288,100.9027481
DFA_B3_P17_8717,0+241,27.91479405,299.3982683,29.9809761,1498.665283,100.9007187
DFA_B3_P17_8717,0+242,36.88801642,466.4002597,29.98732567,1500.667725,100.9009552
DFA_B3_P17_8717,0+243,40.43178127,648.5098676,29.9853096,1500.898315,100.8979034
DFA_B3_P20_7903,0+244,26.79989402,312.808977,29.05270386,1499.169434,100.8841782
DFA_B3_P20_7903,0+245,23.19806008,229.2723619,28.7585907,1498.573364,100.8808746
DFA_B3_P20_7903,0+246,11.16237727,163.7596452,28.76934052,1500.338989,100.876709
DFA_B3_P20_7903,0+247,3.419860874,88.49586665,28.99667168,1499.365112,100.8732529
DFA_B3_P20_7903,0+248,1.558619335,77.43896742,29.1060276,1500.524658,100.8718414
DFA_B3_P20_7903,0+249,24.34637633,318.728708,28.95643425,1501.192749,100.8682251
DFA_B3_P20_7903,0+250,25.02083953,308.9638069,29.39820099,1500.275146,100.8676605
DFA_B3_P20_7903,0+251,30.9943474,498.3840848,28.43753052,1499.74707,100.8632965
DFA_B3_P20_7903,0+252,38.72644807,617.6458699,29.64422035,1499.374146,100.861908
DFA_B3_P20_7903,0+253,34.02849397,681.709576,27.70895386,1499.70813,100.8601685
DFA_B3_P21_110412,0+254,25.88483703,309.3814413,30.10307121,1499.248291,100.8596191
DFA_B3_P21_110412,0+255,22.0566804,223.9491362,30.34238052,1499.661499,100.8612747
DFA_B3_P21_110412,0+256,11.77225686,160.1514877,30.21142769,1500.328491,100.8611755
DFA_B3_P21_110412,0+257,3.020146859,91.26964918,28.79743004,1500.192627,100.8611298
DFA_B3_P21_110412,0+258,1.813091346,78.4543876,28.60325241,1500.346436,100.8643417
DFA_B3_P21_110412,0+259,21.87052967,321.1403552,30.0408802,1501.023804,100.8680267
DFA_B3_P21_110412,0+260,23.48726866,316.0162488,30.10058212,1499.627075,100.8666306
DFA_B3_P21_110412,0+261,28.16584883,496.8466727,30.1006813,1499.764038,100.8700104
DFA_B3_P21_110412,0+262,29.27167061,690.0831263,29.98777199,1499.853027,100.8753433
DFA_B3_P22_S7C8,0+263,23.83342101,332.9882194,28.88598061,1499.490967,100.8730164
DFA_B3_P22_S7C8,0+264,17.06359764,253.7947954,28.51378059,1499.832397,100.8718948
DFA_B3_P22_S7C8,0+265,11.82030112,167.6107868,28.29618835,1499.88623,100.869606
DFA_B3_P22_S7C8,0+266,2.092755824,91.14527966,29.85477829,1499.565186,100.8707275
DFA_B3_P22_S7C8,0+267,0.595962297,81.01692904,28.7580986,1499.020996,100.8686981
DFA_B3_P22_S7C8,0+268,21.85722499,341.1812949,28.24471092,1499.054321,100.8628387
DFA_B3_P22_S7C8,0+269,23.10792818,333.9676514,28.49706459,1498.999023,100.8576126
DFA_B3_P22_S7C8,0+270,28.81230304,493.4533899,29.88456154,1498.843872,100.8544388
DFA_B3_P22_S7C8,0+271,29.80987104,717.8627573,28.09303284,1499.402954,100.848587
DFA_B2_P1_S7C8,0+272,21.17093531,311.3957742,30.17422104,1498.82019,100.8260345
DFA_B2_P1_S7C8,0+273,14.57007147,251.4561021,28.89643669,1499.748779,100.8259125
DFA_B2_P1_S7C8,0+274,11.2177337,165.6402847,28.45249939,1500.166748,100.8250427
DFA_B2_P1_S7C8,0+275,2.352219245,91.13349826,28.52830696,1499.989868,100.8215485
DFA_B2_P1_S7C8,0+276,1.202760465,78.02472488,28.84025955,1500.028198,100.8199768
DFA_B2_P1_S7C8,0+277,19.68508625,335.8317568,28.50325012,1499.966553,100.8216171
DFA_B2_P1_S7C8,0+278,20.63442133,312.5251639,29.99511528,1500.125977,100.8211136
DFA_B2_P1_S7C8,0+279,26.84284218,484.980332,30.01080322,1500.070068,100.8167496
DFA_B2_P1_S7C8,0+280,29.45462248,670.9029712,30.00753403,1499.60022,100.8120193
DFA_B2_P2_110412,0+281,22.42657318,319.818938,29.61361694,1499.700562,100.8014755
DFA_B2_P2_110412,0+282,15.27490412,250.5494783,29.00561523,1499.246094,100.8002472
DFA_B2_P2_110412,0+283,10.77882546,167.7040286,28.58689308,1498.965942,100.7989883
DFA_B2_P2_110412,0+284,2.352573923,89.86928932,29.98709488,1498.695557,100.796051
DFA_B2_P2_110412,0+285,0.176072326,80.78896698,28.8833828,1500.086792,100.7940598
DFA_B2_P2_110412,0+286,20.68898835,337.6850876,28.39660454,1500.367188,100.7950974
DFA_B2_P2_110412,0+287,21.54519711,315.7521881,30.00953484,1500.766846,100.7944641
DFA_B2_P2_110412,0+288,28.50775367,485.9860963,30.00932312,1500.699585,100.7921371
DFA_B2_P2_110412,0+289,30.97594263,674.6410613,30.00857735,1500.883545,100.7861938
DFA_B2_P8_7903,0+290,23.55133399,310.1981369,29.72954559,1499.440308,100.7900848
DFA_B2_P8_7903,0+291,16.4079674,235.4613299,29.80040359,1499.128174,100.7861786
DFA_B2_P8_7903,0+292,12.11458505,152.9623022,29.79109383,1499.005371,100.7845383
DFA_B2_P8_7903,0+293,1.973021099,92.42119869,28.38965416,1498.798584,100.7801819
DFA_B2_P8_7903,0+294,1.033869721,79.28284037,28.40414619,1499.344482,100.7699432
DFA_B2_P8_7903,0+295,22.62884668,323.7554833,28.56907082,1499.537964,100.7621918
DFA_B2_P8_7903,0+296,22.95309206,319.663258,28.74492073,1499.302002,100.7548599
DFA_B2_P8_7903,0+297,31.17026102,497.3919058,28.47790909,1499.494507,100.7516098
DFA_B2_P8_7903,0+298,36.55543065,643.5439172,30.00981522,1499.45752,100.7476959
DFA_B2_P9_9709,0+299,26.23384547,292.7159007,30.12091446,1500.812622,100.739357
DFA_B2_P9_9709,0+300,21.30680132,229.6266031,28.8958931,1500.813354,100.7399368
DFA_B2_P9_9709,0+301,10.62892123,168.6139556,28.22363472,1501.020752,100.7385788
DFA_B2_P9_9709,0+302,2.825371936,90.09849636,28.50961304,1500.80835,100.7374039
DFA_B2_P9_9709,0+303,1.687336268,75.19116041,30.0360508,1500.467529,100.7360992
DFA_B2_P9_9709,0+304,23.83902072,302.3996378,30.04272652,1499.815063,100.7339478
DFA_B2_P9_9709,0+305,24.58602439,302.738459,30.03281975,1499.71814,100.7303009
DFA_B2_P9_9709,0+306,33.85963354,466.7078233,30.02679062,1499.750732,100.7280121
DFA_B2_P9_9709,0+307,38.18481752,646.9529993,30.04225922,1499.111206,100.7249985
DFA_B2_P11_8717,0+308,25.63044981,315.7110845,29.72328568,1499.600586,100.7262573
DFA_B2_P11_8717,0+309,21.46227028,239.5562919,29.02930641,1499.248657,100.7254105
DFA_B2_P11_8717,0+310,10.95001932,160.6936813,30.10789108,1498.738892,100.7254639
DFA_B2_P11_8717,0+311,2.651282604,91.79485148,29.03019524,1499.892822,100.7262802
DFA_B2_P11_8717,0+312,1.459625772,78.40708437,28.68850899,1499.960815,100.7288361
DFA_B2_P11_8717,0+313,23.82736153,332.4948219,28.97559166,1500.506958,100.7318268
DFA_B2_P11_8717,0+314,24.01740921,327.2289133,29.25070763,1500.024414,100.7301941
DFA_B2_P11_8717,0+315,32.02865259,505.4660048,29.09712601,1500.005859,100.7296753
DFA_B2_P11_8717,0+316,35.35886507,692.7031792,29.159235,1498.8927,100.7268829
DFA_B2_P12_9671,0+317,22.01655126,310.1612642,29.49043274,1498.975586,100.7253418
DFA_B2_P12_9671,0+318,15.3260661,236.9766752,29.57012939,1499.588379,100.7295456
DFA_B2_P12_9671,0+319,10.5591376,155.6123444,29.6763382,1499.341797,100.7323914
DFA_B2_P12_9671,0+320,1.59893097,93.56993171,29.13045502,1499.730713,100.7344208
DFA_B2_P12_9671,0+321,0.840284319,81.81138204,28.96840668,1499.53125,100.7350082
DFA_B2_P12_9671,0+322,20.35247281,312.5028471,30.04525757,1499.432983,100.7305222
DFA_B2_P12_9671,0+323,20.29175592,315.4940853,30.03636169,1499.337036,100.7317886
DFA_B2_P12_9671,0+324,29.3271022,478.6632904,30.02819633,1499.834106,100.7345963
DFA_B2_P12_9671,0+325,33.26621716,657.6602561,30.02524185,1499.903198,100.7392502
POA_B4_P24_8717,0+326,23.33193137,286.2740889,29.68040657,1500.353027,99.99826813
POA_B4_P24_8717,0+327,16.19207816,224.2559263,28.9798584,1499.798218,99.99875641
POA_B4_P24_8717,0+328,11.12802084,142.9237131,29.93497086,1499.094482,99.99726868
POA_B4_P24_8717,0+329,2.065901636,88.25805172,29.54258728,1499.870361,99.99220276
POA_B4_P24_8717,0+330,1.428201896,79.69554575,28.79698372,1499.07312,99.98949432
POA_B4_P24_8717,0+331,20.56846799,307.0243037,28.96441078,1499.029907,99.9879303
POA_B4_P24_8717,0+332,21.48478214,299.6181082,29.44434738,1500.114258,99.98478699
POA_B4_P24_8717,0+333,27.53571635,487.8521653,28.49038887,1499.62915,99.98661041
POA_B4_P24_8717,0+334,30.2135302,668.123077,28.63727188,1499.100342,99.99131012
POA_B4_P22_S7C8,0+335,21.09373525,262.8969511,31.50687027,1501.075684,100.0043564
POA_B4_P22_S7C8,0+336,14.20452031,233.8755692,28.92387199,1500.803223,100.0056839
POA_B4_P22_S7C8,0+337,10.15874997,154.1415943,28.93481445,1500.493652,100.0050659
POA_B4_P22_S7C8,0+338,2.15922279,87.32019521,30.1542263,1500.55188,100.004158
POA_B4_P22_S7C8,0+339,0.890979886,80.60580646,29.11255264,1499.016357,100.0032654
POA_B4_P22_S7C8,0+340,19.26314701,324.0046184,28.93484497,1499.0625,100.0026855
POA_B4_P22_S7C8,0+341,20.02111883,317.4352226,29.18411446,1499.752563,100.0029526
POA_B4_P22_S7C8,0+342,25.68041877,459.2794146,29.92272949,1499.601074,99.99906158
POA_B4_P22_S7C8,0+343,26.73009442,677.1346705,28.70425415,1499.779053,99.99879456
POA_B4_P20_9671,0+344,24.6274461,302.425734,29.68814087,1499.369873,100.0134354
POA_B4_P20_9671,0+345,16.27110464,239.2484241,28.76885033,1499.546509,100.0147171
POA_B4_P20_9671,0+346,11.12163474,152.4196805,29.86696053,1499.602051,100.0143814
POA_B4_P20_9671,0+347,2.134484317,88.24964973,29.99392128,1499.617188,100.0142899
POA_B4_P20_9671,0+348,1.208106519,81.64133644,28.55925751,1500.049683,100.012352
POA_B4_P20_9671,0+349,21.65741403,314.4042882,28.76735878,1499.927612,100.0111694
POA_B4_P20_9671,0+350,22.60486999,297.0879241,30.02556419,1499.772095,100.0123062
POA_B4_P20_9671,0+351,29.40018013,463.7250903,30.03280258,1498.968994,100.0137253
POA_B4_P20_9671,0+352,31.82380868,649.0710787,30.02506065,1499.239502,100.0149689
POA_B4_P18_110412,0+353,21.2618561,295.7583913,30.58169746,1499.110718,100.0086136
POA_B4_P18_110412,0+354,13.59408459,228.1057351,30.83172417,1498.986694,100.0101852
POA_B4_P18_110412,0+355,10.13861123,155.314582,29.27586937,1499.229248,100.0114288
POA_B4_P18_110412,0+356,2.067517003,89.13343142,29.3663044,1499.192627,100.0168228
POA_B4_P18_110412,0+357,1.250150618,81.35600132,29.33610153,1498.752075,100.0191803
POA_B4_P18_110412,0+358,20.01180517,314.1493913,29.35794258,1500.009644,100.0201645
POA_B4_P18_110412,0+359,20.82374257,299.8971002,30.03317261,1500.348633,100.0189972
POA_B4_P18_110412,0+360,28.82018327,458.7509416,30.10737801,1500.781738,100.0153809
POA_B4_P18_110412,0+361,32.39024442,654.7386369,29.48256683,1499.72168,100.016571
POA_B4_P17_9709,0+362,26.62151325,322.6600996,29.86377525,1483.216675,100.0223007
POA_B4_P17_9709,0+363,18.64614776,238.2431891,30.14382362,1501.430786,100.0200577
POA_B4_P17_9709,0+364,12.64963316,156.5055675,30.15179253,1500.149048,100.0214386
POA_B4_P17_9709,0+365,2.943292516,89.50627293,29.8509655,1500.939819,100.0236053
POA_B4_P17_9709,0+366,1.893912891,81.91588904,30.01119804,1500.549072,100.0280838
POA_B4_P17_9709,0+367,24.6425426,317.6223656,30.01342392,1500.619873,100.0308456
POA_B4_P17_9709,0+368,24.52947511,315.9945094,30.00756836,1500.608032,100.030365
POA_B4_P17_9709,0+369,32.26777307,486.7993199,30.01326752,1500.209595,100.0297775
POA_B4_P17_9709,0+370,34.0680743,675.5643732,30.01875496,1499.665161,100.0311813
POA_B4_P13_7903,0+371,24.38662523,323.2672055,30.03002167,1500.986206,100.0265808
POA_B4_P13_7903,0+372,20.05781415,238.9327307,29.46560478,1500.413452,100.021698
POA_B4_P13_7903,0+373,9.047343493,170.0145801,29.42453003,1500.299683,100.0174103
POA_B4_P13_7903,0+374,1.28180506,93.46269483,30.01728821,1500.733276,100.0206528
POA_B4_P13_7903,0+375,0.29741565,85.89802576,30.01206589,1500.674805,100.02565
POA_B4_P13_7903,0+376,21.42023247,321.1152378,30.03186226,1498.884033,100.0237579
POA_B4_P13_7903,0+377,21.88338743,319.2722253,30.03068542,1499.302002,100.0206833
POA_B4_P13_7903,0+378,29.8192808,489.6743567,30.03185081,1498.862915,100.0163574
POA_B4_P13_7903,0+379,32.49499833,678.3724795,30.03100395,1499.799561,100.0154572
POA_B4_P12_9761,0+380,21.64277655,304.060469,30.55221748,1499.95459,100.0160294
POA_B4_P12_9761,0+381,18.81359115,223.5815528,29.83021355,1499.972656,100.0141373
POA_B4_P12_9761,0+382,9.519677429,162.0749198,29.50039291,1499.390137,100.0119705
POA_B4_P12_9761,0+383,2.158716586,89.16740558,29.56790543,1499.302612,100.0126114
POA_B4_P12_9761,0+384,1.333157285,81.9774139,29.95769501,1499.019043,100.0055847
POA_B4_P12_9761,0+385,20.479799,308.5242206,29.97073555,1499.485718,100.0031128
POA_B4_P12_9761,0+386,21.11148278,306.0802953,29.96280479,1499.081421,100.0041428
POA_B4_P12_9761,0+387,27.23271834,476.5766401,29.97259903,1499.213135,100.0081329
POA_B4_P12_9761,0+388,28.23909839,664.7607261,29.97381783,1498.739502,100.0078964
POA_B4_P10_110412,0+389,20.79214411,312.5559867,30.07888603,1500.260376,100.0094757
POA_B4_P10_110412,0+390,13.64884011,234.546286,30.09755898,1500.284058,100.0077667
POA_B4_P10_110412,0+391,9.896948751,149.371288,30.10945129,1500.837646,100.0076981
POA_B4_P10_110412,0+392,0.644546293,90.42041738,30.12288475,1500.971069,100.0104065
POA_B4_P10_110412,0+393,1.419385172,84.41545767,30.12632942,1499.15332,100.0076447
POA_B4_P10_110412,0+394,19.25249542,306.8347176,30.13352394,1500.016602,100.0104599
POA_B4_P10_110412,0+395,19.57008138,305.0789603,30.01053429,1500.548584,100.0079575
POA_B4_P10_110412,0+396,25.87302671,471.788875,29.63620567,1500.859863,100.0037842
POA_B4_P10_110412,0+397,27.74671286,655.4996549,29.95020676,1500.221924,99.99620056
POA_B4_P9_7903,0+398,24.9006832,328.209335,29.62616158,1499.361694,99.99278259
POA_B4_P9_7903,0+399,16.73665642,248.5937528,29.71604156,1499.000977,99.98774719
POA_B4_P9_7903,0+400,11.48819911,166.5408199,29.38683891,1499.532959,99.98810577
POA_B4_P9_7903,0+401,1.650805284,91.6050345,29.58034897,1499.274902,99.9885025
POA_B4_P9_7903,0+402,1.924158398,84.99415423,29.2858429,1500.12146,99.99010468
POA_B4_P9_7903,0+403,22.10308846,331.3567064,29.18861389,1501.31665,99.99090576
POA_B4_P9_7903,0+404,22.8424407,320.1408719,29.99642563,1500.550049,99.9897995
POA_B4_P9_7903,0+405,30.0712777,494.5375674,30.01101494,1499.993286,99.98539734
POA_B4_P9_7903,0+406,31.83533498,680.6719483,30.05155182,1500.595947,99.986763
POA_B4_P7_S7C8,0+407,21.78295123,336.8967342,30.11151314,1498.759399,99.9841156
POA_B4_P7_S7C8,0+408,15.84437209,251.4372652,30.11343956,1499.509521,99.98123169
POA_B4_P7_S7C8,0+409,11.18565591,168.0316524,30.11344528,1499.512695,99.97880554
POA_B4_P7_S7C8,0+410,2.299739702,93.26434083,30.11839485,1499.405884,99.97703552
POA_B4_P7_S7C8,0+411,1.948372683,86.30825294,30.11874962,1500.325562,99.97484589
POA_B4_P7_S7C8,0+412,18.99953703,338.6720734,30.13153839,1499.217407,99.96855927
POA_B4_P7_S7C8,0+413,20.51477729,332.0323037,30.12406158,1500.973267,99.96723938
POA_B4_P7_S7C8,0+414,24.20191817,520.8592715,30.1322155,1498.908203,99.96008301
POA_B4_P7_S7C8,0+415,24.7575824,712.8022161,30.13513947,1500.698975,99.95905304
POA_B4_P3_9709,0+416,27.54138982,324.2626217,30.3110981,1500.558228,99.95232391
POA_B4_P3_9709,0+417,23.31511699,243.1986941,29.36936378,1500.175537,99.94555664
POA_B4_P3_9709,0+418,10.95585768,171.9282512,29.30276299,1499.044312,99.94018555
POA_B4_P3_9709,0+419,1.917984069,93.05255277,29.5428772,1499.277832,99.93550873
POA_B4_P3_9709,0+420,1.251167349,89.50100132,30.40190697,1499.012695,99.93276215
POA_B4_P3_9709,0+421,25.35160653,343.1409176,29.39295006,1500.493408,99.93048096
POA_B4_P3_9709,0+422,26.74567124,345.3412529,29.16598701,1500.884766,99.92533112
POA_B4_P3_9709,0+423,34.90419594,516.0288293,30.09667587,1500.145752,99.92673492
POA_B4_P3_9709,0+424,36.78476666,723.5850258,29.29895401,1499.217651,99.92076874
POA_B4_P1_8717,0+425,26.67757515,307.2017878,29.71828461,1499.365845,99.92114258
POA_B4_P1_8717,0+426,19.11826283,234.596932,29.62168121,1498.727295,99.91530609
POA_B4_P1_8717,0+427,13.41757282,156.2473061,29.98286438,1499.365112,99.91257477
POA_B4_P1_8717,0+428,2.672731902,92.38042383,29.82186127,1498.989746,99.90538788
POA_B4_P1_8717,0+429,1.93715747,88.39610068,29.76840019,1500.929565,99.90126038
POA_B4_P1_8717,0+430,25.52520615,324.7811374,29.6489048,1499.244019,99.89392853
POA_B4_P1_8717,0+431,26.37259777,324.7345523,29.67906952,1498.905273,99.8968277
POA_B4_P1_8717,0+432,34.45398693,500.309782,29.74820137,1499.512329,99.8959198
POA_B4_P1_8717,0+433,42.78248691,662.1816338,30.22792625,1500.480591,99.89709473
POA_B5_P3_110412,0+434,20.07675648,270.3582606,29.15229416,1500.344604,100.113121
POA_B5_P3_110412,0+435,15.14388568,189.7046184,29.74938011,1499.383179,100.1129761
POA_B5_P3_110412,0+436,10.64582063,134.5276994,28.7018013,1499.373413,100.1142731
POA_B5_P3_110412,0+437,2.359678717,84.67740376,28.18341446,1500.441162,100.1165619
POA_B5_P3_110412,0+438,1.270561628,77.34944311,28.17607117,1500.443604,100.1209946
POA_B5_P3_110412,0+439,17.94884443,273.4691753,28.83289337,1500.727417,100.121254
POA_B5_P3_110412,0+440,18.58238845,275.973694,28.41191864,1499.474731,100.1226959
POA_B5_P3_110412,0+441,26.8550908,381.0363951,29.8961544,1498.816772,100.1246033
POA_B5_P3_110412,0+442,29.94649126,554.7637608,28.96577263,1499.792725,100.1262589
POA_B5_P5_8717,0+443,25.30206359,263.9870352,30.119627,1500.156982,100.1239319
POA_B5_P5_8717,0+444,21.5822677,197.8985307,29.08255196,1501.022095,100.1227493
POA_B5_P5_8717,0+445,10.21276686,156.4398936,27.84139252,1498.883179,100.1247406
POA_B5_P5_8717,0+446,2.988234859,85.62017071,28.07499886,1499.373047,100.1267242
POA_B5_P5_8717,0+447,1.742761306,79.1961291,28.06522179,1499.072388,100.1260986
POA_B5_P5_8717,0+448,22.77423186,292.3462486,28.71302414,1499.41748,100.1289063
POA_B5_P5_8717,0+449,23.31941656,287.5915789,28.67535973,1499.344238,100.1306
POA_B5_P5_8717,0+450,30.79629406,423.6815994,29.93161201,1500.980713,100.1365662
POA_B5_P5_8717,0+451,32.16901841,645.2424463,28.00242615,1501.113037,100.1384125
POA_B5_P6_9671,0+452,22.69559301,289.5248072,29.95450211,1499.085449,100.140976
POA_B5_P6_9671,0+453,15.68552454,218.3767582,30.14305305,1499.053955,100.1412048
POA_B5_P6_9671,0+454,10.39929502,155.2149687,28.20824242,1498.983643,100.1415329
POA_B5_P6_9671,0+455,1.956957081,86.90882713,29.82662964,1500.471924,100.1433716
POA_B5_P6_9671,0+456,0.597672441,83.454374,28.80354881,1500.074219,100.1453018
POA_B5_P6_9671,0+457,21.25521111,306.2417049,28.22026062,1499.883057,100.1479416
POA_B5_P6_9671,0+458,21.09134827,297.3955328,29.21839333,1498.997192,100.1535034
POA_B5_P6_9671,0+459,29.95686489,466.0752092,28.21247292,1498.888428,100.1588287
POA_B5_P6_9671,0+460,33.71304301,634.768144,28.33306313,1499.950806,100.1609039
POA_B5_P7_S7C8,0+461,18.88349163,259.8590692,30.20825005,1499.501099,100.1638565
POA_B5_P7_S7C8,0+462,12.58615368,218.6148767,28.92913437,1498.880859,100.1668396
POA_B5_P7_S7C8,0+463,9.467735292,140.4878163,28.5451622,1499.025146,100.1699829
POA_B5_P7_S7C8,0+464,1.438236108,89.8685314,28.47496033,1499.697144,100.1683044
POA_B5_P7_S7C8,0+465,1.143183487,78.01373833,29.99827003,1500.899902,100.1657486
POA_B5_P7_S7C8,0+466,17.74014009,268.8812094,29.99582863,1499.699951,100.1660385
POA_B5_P7_S7C8,0+467,18.12969112,270.7391489,30.00450325,1499.772217,100.1643982
POA_B5_P7_S7C8,0+468,25.13757372,419.1776392,30.00761986,1499.869019,100.1674271
POA_B5_P7_S7C8,0+469,28.06347279,594.3522872,30.00522995,1498.855347,100.1689072
POA_B5_P10_7903,0+470,25.59899604,297.473896,29.38379097,1498.654419,100.1771545
POA_B5_P10_7903,0+471,21.54415003,220.8929561,28.99178505,1499.185913,100.1761551
POA_B5_P10_7903,0+472,10.79047099,160.5492787,28.37257385,1498.917358,100.1754761
POA_B5_P10_7903,0+473,2.79746882,88.43104935,28.54281425,1499.565918,100.1787643
POA_B5_P10_7903,0+474,1.89739525,78.43101217,29.98117065,1499.170654,100.179863
POA_B5_P10_7903,0+475,23.55101707,295.6171405,29.99012756,1498.938232,100.1780167
POA_B5_P10_7903,0+476,25.1256459,288.7298404,29.99211502,1498.878784,100.1814804
POA_B5_P10_7903,0+477,32.24280298,453.9829928,29.99560928,1498.788208,100.1806488
POA_B5_P10_7903,0+478,37.77040697,614.5638252,30.60260582,1498.969971,100.178772
POA_B5_P12_9709,0+479,28.19491646,306.3405068,29.38983727,1499.720947,100.1828766
POA_B5_P12_9709,0+480,23.96606927,222.6853815,29.42502403,1499.067627,100.1827927
POA_B5_P12_9709,0+481,12.19952629,162.1110017,28.82834435,1499.830444,100.1812744
POA_B5_P12_9709,0+482,3.532149189,87.70899602,28.53407097,1500.241577,100.1775436
POA_B5_P12_9709,0+483,2.453022351,78.04091163,29.97907066,1500.345093,100.1751556
POA_B5_P12_9709,0+484,25.84914938,306.2942283,29.98017311,1499.314697,100.1765518
POA_B5_P12_9709,0+485,26.55039829,303.322296,29.99078751,1499.980591,100.1716461
POA_B5_P12_9709,0+486,32.49189835,480.1438713,29.98498726,1499.296265,100.1689835
POA_B5_P12_9709,0+487,33.60502262,678.4332685,29.72762108,1499.032227,100.1663742
POA_B5_P15_7903,0+488,25.71340573,303.8237762,29.4718914,1499.65686,100.1743088
POA_B5_P15_7903,0+489,21.13541369,213.8808019,29.58757973,1500.895264,100.1698074
POA_B5_P15_7903,0+490,10.64493873,142.9620707,30.84799385,1500.146729,100.1663666
POA_B5_P15_7903,0+491,2.437537115,88.34228991,28.54836464,1500.284302,100.16922
POA_B5_P15_7903,0+492,1.841562833,78.01971717,29.71163177,1500.914673,100.1646576
POA_B5_P15_7903,0+493,22.58368576,305.2133003,28.89724541,1500.516724,100.1647797
POA_B5_P15_7903,0+494,23.86925374,296.1305099,29.08018112,1500.17334,100.1563797
POA_B5_P15_7903,0+495,31.14006434,439.589222,30.41595268,1499.704102,100.1560898
POA_B5_P15_7903,0+496,33.53352951,629.4912053,30.15208435,1499.114624,100.1585999
POA_B5_P16_110412,0+497,25.14387378,328.3309529,29.76071739,1499.71936,100.1619873
POA_B5_P16_110412,0+498,16.55347326,245.0026139,29.84981155,1499.709473,100.16436
POA_B5_P16_110412,0+499,11.32501412,169.5962999,28.49995422,1499.10498,100.1652069
POA_B5_P16_110412,0+500,1.724887305,93.16406354,28.65828323,1499.485107,100.160347
POA_B5_P16_110412,0+501,1.081737129,85.70355411,28.62041283,1500.190796,100.1598206
POA_B5_P16_110412,0+502,22.04576027,337.5159337,28.97537041,1500.005859,100.1560669
POA_B5_P16_110412,0+503,22.8719304,338.367524,28.69648361,1500.03772,100.1559143
POA_B5_P16_110412,0+504,27.95113198,503.1713462,30.10357666,1499.088745,100.1577606
POA_B5_P16_110412,0+505,27.35322004,716.4457551,29.06053543,1498.749878,100.1581039
POA_B5_P17_S7C8,0+506,19.81951891,352.8891117,28.30716133,1499.542603,100.157486
POA_B5_P17_S7C8,0+507,16.40622328,254.4835611,29.27187729,1500.693237,100.156105
POA_B5_P17_S7C8,0+508,7.148397007,177.7091163,29.14158249,1500.228516,100.1520767
POA_B5_P17_S7C8,0+509,0.971853188,95.05473554,30.27312088,1499.612305,100.1493073
POA_B5_P17_S7C8,0+510,0.715056312,86.71203192,29.2026577,1498.862549,100.1494064
POA_B5_P17_S7C8,0+511,18.51925585,349.5912374,28.88605881,1499.865234,100.1448059
POA_B5_P17_S7C8,0+512,18.37847086,351.966904,28.81337166,1500.037476,100.1463089
POA_B5_P17_S7C8,0+513,23.19515948,536.3517782,28.81360626,1500.053345,100.1434555
POA_B5_P17_S7C8,0+514,25.14889635,722.0567909,29.21184158,1499.832886,100.1432419
POA_B5_P19_9709,0+515,25.93000009,316.5197667,29.60437012,1501.118896,100.1410217
POA_B5_P19_9709,0+516,21.52169461,221.7621482,30.09159088,1500.98877,100.1388626
POA_B5_P19_9709,0+517,11.44563929,161.6057172,28.97790146,1499.651978,100.1350861
POA_B5_P19_9709,0+518,2.56839361,89.37040408,28.99418259,1500.629639,100.1354294
POA_B5_P19_9709,0+519,1.833473354,81.57370653,28.81999779,1499.078735,100.1324158
POA_B5_P19_9709,0+520,22.85480256,317.4584045,28.91607094,1500.868408,100.1278763
POA_B5_P19_9709,0+521,23.98437679,299.1226283,30.07924271,1499.320435,100.1246796
POA_B5_P19_9709,0+522,29.37208051,479.2133282,29.99780464,1499.234497,100.1197128
POA_B5_P19_9709,0+523,31.49345986,688.463728,28.96768951,1499.477661,100.1163864
POA_B5_P20_9671,0+524,22.88659658,330.1143485,29.12952805,1499.501099,100.1141434
POA_B5_P20_9671,0+525,18.77017387,242.7280771,28.82678032,1499.861694,100.1136703
POA_B5_P20_9671,0+526,9.636003232,169.7587189,28.73171234,1499.69165,100.1116562
POA_B5_P20_9671,0+527,0.832025345,96.70335391,28.54223442,1499.786865,100.109314
POA_B5_P20_9671,0+528,0.375343656,86.62152796,30.04665947,1500.731445,100.1028442
POA_B5_P20_9671,0+529,21.54519179,329.6139754,29.31340027,1499.052856,100.0987854
POA_B5_P20_9671,0+530,22.24922085,324.9755686,29.83433151,1500.427612,100.1007233
POA_B5_P20_9671,0+531,30.60851623,504.0814807,29.13975334,1500.324341,100.0951538
POA_B5_P20_9671,0+532,33.41671082,692.9329725,28.93267441,1500.79895,100.0909348
POA_B5_P21_8717,0+533,24.37558895,308.165164,30.72660828,1500.807129,100.0948029
POA_B5_P21_8717,0+534,20.7231771,226.0925007,30.314888,1500.605347,100.0939713
POA_B5_P21_8717,0+535,9.511532554,171.5612012,28.66725349,1499.732056,100.0887299
POA_B5_P21_8717,0+536,2.409139287,91.69278981,28.78671265,1499.571899,100.086319
POA_B5_P21_8717,0+537,1.874657048,82.25924988,30.26400375,1499.546997,100.0827484
POA_B5_P21_8717,0+538,22.18239953,324.9516239,30.04058266,1500.587402,100.0806503
POA_B5_P21_8717,0+539,23.86726491,336.3906999,28.70279121,1500.747192,100.0759354
POA_B5_P21_8717,0+540,28.63544847,516.9944635,28.79313087,1500.108643,100.0706558
POA_B5_P21_8717,0+541,32.22782191,681.3089203,30.08293724,1500.679321,100.0695572
